{
	"start":	{
		"connected":	[{
				"socket":	5,
				"local_host":	"200.0.0.2",
				"local_port":	35670,
				"remote_host":	"100.0.0.2",
				"remote_port":	5201
			}],
		"version":	"iperf 3.11",
		"system_info":	"Linux archlinux 5.17.7-arch1-1 #1 SMP PREEMPT Thu, 12 May 2022 18:55:54 +0000 x86_64",
		"timestamp":	{
			"time":	"Fri, 27 May 2022 11:42:23 GMT",
			"timesecs":	1653651743
		},
		"connecting_to":	{
			"host":	"100.0.0.2",
			"port":	5201
		},
		"cookie":	"53sbt6zmsm2eaqrqh7hyw5mcgqp7kfxlqvre",
		"tcp_mss_default":	1448,
		"target_bitrate":	0,
		"sock_bufsize":	0,
		"sndbuf_actual":	16384,
		"rcvbuf_actual":	131072,
		"test_start":	{
			"protocol":	"TCP",
			"num_streams":	1,
			"blksize":	131072,
			"omit":	0,
			"duration":	30,
			"bytes":	0,
			"blocks":	0,
			"reverse":	1,
			"tos":	0,
			"target_bitrate":	0
		}
	},
	"intervals":	[{
			"streams":	[{
					"socket":	5,
					"start":	0,
					"end":	1.000137,
					"seconds":	1.0001369714736938,
					"bytes":	960024,
					"bits_per_second":	7679140.1768532749,
					"omitted":	false,
					"sender":	false
				}],
			"sum":	{
				"start":	0,
				"end":	1.000137,
				"seconds":	1.0001369714736938,
				"bytes":	960024,
				"bits_per_second":	7679140.1768532749,
				"omitted":	false,
				"sender":	false
			}
		}, {
			"streams":	[{
					"socket":	5,
					"start":	1.000137,
					"end":	2.000031,
					"seconds":	0.99989402294158936,
					"bytes":	957128,
					"bits_per_second":	7657835.5548859,
					"omitted":	false,
					"sender":	false
				}],
			"sum":	{
				"start":	1.000137,
				"end":	2.000031,
				"seconds":	0.99989402294158936,
				"bytes":	957128,
				"bits_per_second":	7657835.5548859,
				"omitted":	false,
				"sender":	false
			}
		}, {
			"streams":	[{
					"socket":	5,
					"start":	2.000031,
					"end":	3.000143,
					"seconds":	1.0001120567321777,
					"bytes":	954232,
					"bits_per_second":	7633000.67088811,
					"omitted":	false,
					"sender":	false
				}],
			"sum":	{
				"start":	2.000031,
				"end":	3.000143,
				"seconds":	1.0001120567321777,
				"bytes":	954232,
				"bits_per_second":	7633000.67088811,
				"omitted":	false,
				"sender":	false
			}
		}, {
			"streams":	[{
					"socket":	5,
					"start":	3.000143,
					"end":	4.000045,
					"seconds":	0.99990200996398926,
					"bytes":	958576,
					"bits_per_second":	7669359.5208156239,
					"omitted":	false,
					"sender":	false
				}],
			"sum":	{
				"start":	3.000143,
				"end":	4.000045,
				"seconds":	0.99990200996398926,
				"bytes":	958576,
				"bits_per_second":	7669359.5208156239,
				"omitted":	false,
				"sender":	false
			}
		}, {
			"streams":	[{
					"socket":	5,
					"start":	4.000045,
					"end":	5.000029,
					"seconds":	0.9999840259552002,
					"bytes":	939752,
					"bits_per_second":	7518136.0950427931,
					"omitted":	false,
					"sender":	false
				}],
			"sum":	{
				"start":	4.000045,
				"end":	5.000029,
				"seconds":	0.9999840259552002,
				"bytes":	939752,
				"bits_per_second":	7518136.0950427931,
				"omitted":	false,
				"sender":	false
			}
		}, {
			"streams":	[{
					"socket":	5,
					"start":	5.000029,
					"end":	6.000107,
					"seconds":	1.0000779628753662,
					"bytes":	957128,
					"bits_per_second":	7656427.0829295833,
					"omitted":	false,
					"sender":	false
				}],
			"sum":	{
				"start":	5.000029,
				"end":	6.000107,
				"seconds":	1.0000779628753662,
				"bytes":	957128,
				"bits_per_second":	7656427.0829295833,
				"omitted":	false,
				"sender":	false
			}
		}, {
			"streams":	[{
					"socket":	5,
					"start":	6.000107,
					"end":	7.000148,
					"seconds":	1.0000410079956055,
					"bytes":	955680,
					"bits_per_second":	7645126.4886865485,
					"omitted":	false,
					"sender":	false
				}],
			"sum":	{
				"start":	6.000107,
				"end":	7.000148,
				"seconds":	1.0000410079956055,
				"bytes":	955680,
				"bits_per_second":	7645126.4886865485,
				"omitted":	false,
				"sender":	false
			}
		}, {
			"streams":	[{
					"socket":	5,
					"start":	7.000148,
					"end":	8.000196,
					"seconds":	1.000048041343689,
					"bytes":	957128,
					"bits_per_second":	7656656.16394972,
					"omitted":	false,
					"sender":	false
				}],
			"sum":	{
				"start":	7.000148,
				"end":	8.000196,
				"seconds":	1.000048041343689,
				"bytes":	957128,
				"bits_per_second":	7656656.16394972,
				"omitted":	false,
				"sender":	false
			}
		}, {
			"streams":	[{
					"socket":	5,
					"start":	8.000196,
					"end":	9.00023,
					"seconds":	1.000033974647522,
					"bytes":	725448,
					"bits_per_second":	5803386.83197795,
					"omitted":	false,
					"sender":	false
				}],
			"sum":	{
				"start":	8.000196,
				"end":	9.00023,
				"seconds":	1.000033974647522,
				"bytes":	725448,
				"bits_per_second":	5803386.83197795,
				"omitted":	false,
				"sender":	false
			}
		}, {
			"streams":	[{
					"socket":	5,
					"start":	9.00023,
					"end":	10.001191,
					"seconds":	1.0009609460830688,
					"bytes":	0,
					"bits_per_second":	0,
					"omitted":	false,
					"sender":	false
				}],
			"sum":	{
				"start":	9.00023,
				"end":	10.001191,
				"seconds":	1.0009609460830688,
				"bytes":	0,
				"bits_per_second":	0,
				"omitted":	false,
				"sender":	false
			}
		}, {
			"streams":	[{
					"socket":	5,
					"start":	10.001191,
					"end":	11.001132,
					"seconds":	0.99994099140167236,
					"bytes":	0,
					"bits_per_second":	0,
					"omitted":	false,
					"sender":	false
				}],
			"sum":	{
				"start":	10.001191,
				"end":	11.001132,
				"seconds":	0.99994099140167236,
				"bytes":	0,
				"bits_per_second":	0,
				"omitted":	false,
				"sender":	false
			}
		}, {
			"streams":	[{
					"socket":	5,
					"start":	11.001132,
					"end":	12.000136,
					"seconds":	0.99900400638580322,
					"bytes":	85432,
					"bits_per_second":	684137.39647812548,
					"omitted":	false,
					"sender":	false
				}],
			"sum":	{
				"start":	11.001132,
				"end":	12.000136,
				"seconds":	0.99900400638580322,
				"bytes":	85432,
				"bits_per_second":	684137.39647812548,
				"omitted":	false,
				"sender":	false
			}
		}, {
			"streams":	[{
					"socket":	5,
					"start":	12.000136,
					"end":	13.000121,
					"seconds":	0.9999849796295166,
					"bytes":	960024,
					"bits_per_second":	7680307.36106199,
					"omitted":	false,
					"sender":	false
				}],
			"sum":	{
				"start":	12.000136,
				"end":	13.000121,
				"seconds":	0.9999849796295166,
				"bytes":	960024,
				"bits_per_second":	7680307.36106199,
				"omitted":	false,
				"sender":	false
			}
		}, {
			"streams":	[{
					"socket":	5,
					"start":	13.000121,
					"end":	14.000124,
					"seconds":	1.0000029802322388,
					"bytes":	954232,
					"bits_per_second":	7633833.2494040448,
					"omitted":	false,
					"sender":	false
				}],
			"sum":	{
				"start":	13.000121,
				"end":	14.000124,
				"seconds":	1.0000029802322388,
				"bytes":	954232,
				"bits_per_second":	7633833.2494040448,
				"omitted":	false,
				"sender":	false
			}
		}, {
			"streams":	[{
					"socket":	5,
					"start":	14.000124,
					"end":	15.000114,
					"seconds":	0.99998998641967773,
					"bytes":	958576,
					"bits_per_second":	7668684.79099112,
					"omitted":	false,
					"sender":	false
				}],
			"sum":	{
				"start":	14.000124,
				"end":	15.000114,
				"seconds":	0.99998998641967773,
				"bytes":	958576,
				"bits_per_second":	7668684.79099112,
				"omitted":	false,
				"sender":	false
			}
		}, {
			"streams":	[{
					"socket":	5,
					"start":	15.000114,
					"end":	16.000157,
					"seconds":	1.0000430345535278,
					"bytes":	954232,
					"bits_per_second":	7633527.49455243,
					"omitted":	false,
					"sender":	false
				}],
			"sum":	{
				"start":	15.000114,
				"end":	16.000157,
				"seconds":	1.0000430345535278,
				"bytes":	954232,
				"bits_per_second":	7633527.49455243,
				"omitted":	false,
				"sender":	false
			}
		}, {
			"streams":	[{
					"socket":	5,
					"start":	16.000157,
					"end":	17.000115,
					"seconds":	0.99995797872543335,
					"bytes":	957128,