{
	"start":	{
		"connected":	[{
				"socket":	5,
				"local_host":	"200.0.0.2",
				"local_port":	45534,
				"remote_host":	"100.0.0.2",
				"remote_port":	5201
			}],
		"version":	"iperf 3.11",
		"system_info":	"Linux archlinux 5.16.14-arch1-1 #1 SMP PREEMPT Fri, 11 Mar 2022 17:40:36 +0000 x86_64",
		"timestamp":	{
			"time":	"Fri, 27 May 2022 10:39:44 GMT",
			"timesecs":	1653647984
		},
		"connecting_to":	{
			"host":	"100.0.0.2",
			"port":	5201
		},
		"cookie":	"p5hiy5dmzz4f5lybmnvrwctaxgkrnmqggbtr",
		"tcp_mss_default":	1448,
		"target_bitrate":	0,
		"sock_bufsize":	0,
		"sndbuf_actual":	16384,
		"rcvbuf_actual":	131072,
		"test_start":	{
			"protocol":	"TCP",
			"num_streams":	1,
			"blksize":	131072,
			"omit":	0,
			"duration":	30,
			"bytes":	0,
			"blocks":	0,
			"reverse":	1,
			"tos":	0,
			"target_bitrate":	0
		}
	},
	"intervals":	[{
			"streams":	[{
					"socket":	5,
					"start":	0,
					"end":	1.000111,
					"seconds":	1.0001109838485718,
					"bytes":	960024,
					"bits_per_second":	7679339.71732368,
					"omitted":	false,
					"sender":	false
				}],
			"sum":	{
				"start":	0,
				"end":	1.000111,
				"seconds":	1.0001109838485718,
				"bytes":	960024,
				"bits_per_second":	7679339.71732368,
				"omitted":	false,
				"sender":	false
			}
		}, {
			"streams":	[{
					"socket":	5,
					"start":	1.000111,
					"end":	2.000165,
					"seconds":	1.0000540018081665,
					"bytes":	960024,
					"bits_per_second":	7679777.2781406641,
					"omitted":	false,
					"sender":	false
				}],
			"sum":	{
				"start":	1.000111,
				"end":	2.000165,
				"seconds":	1.0000540018081665,
				"bytes":	960024,
				"bits_per_second":	7679777.2781406641,
				"omitted":	false,
				"sender":	false
			}
		}, {
			"streams":	[{
					"socket":	5,
					"start":	2.000165,
					"end":	3.000222,
					"seconds":	1.0000569820404053,
					"bytes":	951336,
					"bits_per_second":	7610254.35217901,
					"omitted":	false,
					"sender":	false
				}],
			"sum":	{
				"start":	2.000165,
				"end":	3.000222,
				"seconds":	1.0000569820404053,
				"bytes":	951336,
				"bits_per_second":	7610254.35217901,
				"omitted":	false,
				"sender":	false
			}
		}, {
			"streams":	[{
					"socket":	5,
					"start":	3.000222,
					"end":	4.000063,
					"seconds":	0.99984097480773926,
					"bytes":	955680,
					"bits_per_second":	7646656.0109422915,
					"omitted":	false,
					"sender":	false
				}],
			"sum":	{
				"start":	3.000222,
				"end":	4.000063,
				"seconds":	0.99984097480773926,
				"bytes":	955680,
				"bits_per_second":	7646656.0109422915,
				"omitted":	false,
				"sender":	false
			}
		}, {
			"streams":	[{
					"socket":	5,
					"start":	4.000063,
					"end":	5.000255,
					"seconds":	1.0001920461654663,
					"bytes":	960024,
					"bits_per_second":	7678717.3317807317,
					"omitted":	false,
					"sender":	false
				}],
			"sum":	{
				"start":	4.000063,
				"end":	5.000255,
				"seconds":	1.0001920461654663,
				"bytes":	960024,
				"bits_per_second":	7678717.3317807317,
				"omitted":	false,
				"sender":	false
			}
		}, {
			"streams":	[{
					"socket":	5,
					"start":	5.000255,
					"end":	6.000043,
					"seconds":	0.999787986278534,
					"bytes":	960024,
					"bits_per_second":	7681820.6513839345,
					"omitted":	false,
					"sender":	false
				}],
			"sum":	{
				"start":	5.000255,
				"end":	6.000043,
				"seconds":	0.999787986278534,
				"bytes":	960024,
				"bits_per_second":	7681820.6513839345,
				"omitted":	false,
				"sender":	false
			}
		}, {
			"streams":	[{
					"socket":	5,
					"start":	6.000043,
					"end":	7.000404,
					"seconds":	1.00036096572876,
					"bytes":	951336,
					"bits_per_second":	7607941.79374606,
					"omitted":	false,
					"sender":	false
				}],
			"sum":	{
				"start":	6.000043,
				"end":	7.000404,
				"seconds":	1.00036096572876,
				"bytes":	951336,
				"bits_per_second":	7607941.79374606,
				"omitted":	false,
				"sender":	false
			}
		}, {
			"streams":	[{
					"socket":	5,
					"start":	7.000404,
					"end":	8.000245,
					"seconds":	0.99984097480773926,
					"bytes":	955680,
					"bits_per_second":	7646656.0109422915,
					"omitted":	false,
					"sender":	false
				}],
			"sum":	{
				"start":	7.000404,
				"end":	8.000245,
				"seconds":	0.99984097480773926,
				"bytes":	955680,
				"bits_per_second":	7646656.0109422915,
				"omitted":	false,
				"sender":	false
			}
		}, {
			"streams":	[{
					"socket":	5,
					"start":	8.000245,
					"end":	9.000312,
					"seconds":	1.0000669956207275,
					"bytes":	960024,
					"bits_per_second":	7679677.49523922,
					"omitted":	false,
					"sender":	false
				}],
			"sum":	{
				"start":	8.000245,
				"end":	9.000312,
				"seconds":	1.0000669956207275,
				"bytes":	960024,
				"bits_per_second":	7679677.49523922,
				"omitted":	false,
				"sender":	false
			}
		}, {
			"streams":	[{
					"socket":	5,
					"start":	9.000312,
					"end":	10.000343,
					"seconds":	1.0000309944152832,
					"bytes":	951336,
					"bits_per_second":	7610452.1184865469,
					"omitted":	false,
					"sender":	false
				}],
			"sum":	{
				"start":	9.000312,
				"end":	10.000343,
				"seconds":	1.0000309944152832,
				"bytes":	951336,
				"bits_per_second":	7610452.1184865469,
				"omitted":	false,
				"sender":	false
			}
		}, {
			"streams":	[{
					"socket":	5,
					"start":	10.000343,
					"end":	11.000144,
					"seconds":	0.999800980091095,
					"bytes":	964368,
					"bits_per_second":	7716479.7330935476,
					"omitted":	false,
					"sender":	false
				}],
			"sum":	{
				"start":	10.000343,
				"end":	11.000144,
				"seconds":	0.999800980091095,
				"bytes":	964368,
				"bits_per_second":	7716479.7330935476,
				"omitted":	false,
				"sender":	false
			}
		}, {
			"streams":	[{
					"socket":	5,
					"start":	11.000144,
					"end":	12.00027,
					"seconds":	1.0001260042190552,
					"bytes":	951336,
					"bits_per_second":	7609729.1420222381,
					"omitted":	false,
					"sender":	false
				}],
			"sum":	{
				"start":	11.000144,
				"end":	12.00027,
				"seconds":	1.0001260042190552,
				"bytes":	951336,
				"bits_per_second":	7609729.1420222381,
				"omitted":	false,
				"sender":	false
			}
		}, {
			"streams":	[{
					"socket":	5,
					"start":	12.00027,
					"end":	13.000271,
					"seconds":	1.0000009536743164,
					"bytes":	960024,
					"bits_per_second":	7680184.67560513,
					"omitted":	false,
					"sender":	false
				}],
			"sum":	{
				"start":	12.00027,
				"end":	13.000271,
				"seconds":	1.0000009536743164,
				"bytes":	960024,
				"bits_per_second":	7680184.67560513,
				"omitted":	false,
				"sender":	false
			}
		}, {
			"streams":	[{
					"socket":	5,
					"start":	13.000271,
					"end":	14.000106,
					"seconds":	0.99983501434326172,
					"bytes":	955680,
					"bits_per_second":	7646701.5960847121,
					"omitted":	false,
					"sender":	false
				}],
			"sum":	{
				"start":	13.000271,
				"end":	14.000106,
				"seconds":	0.99983501434326172,
				"bytes":	955680,
				"bits_per_second":	7646701.5960847121,
				"omitted":	false,
				"sender":	false
			}
		}, {
			"streams":	[{
					"socket":	5,
					"start":	14.000106,
					"end":	15.000284,
					"seconds":	1.0001779794692993,
					"bytes":	951336,
					"bits_per_second":	7609333.6948272735,
					"omitted":	false,
					"sender":	false
				}],
			"sum":	{
				"start":	14.000106,
				"end":	15.000284,
				"seconds":	1.0001779794692993,
				"bytes":	951336,
				"bits_per_second":	7609333.6948272735,
				"omitted":	false,
				"sender":	false
			}
		}, {
			"streams":	[{
					"socket":	5,
					"start":	15.000284,
					"end":	16.000208,
					"seconds":	0.99992400407791138,
					"bytes":	960024,
					"bits_per_second":	7680775.7076322576,
					"omitted":	false,
					"sender":	false
				}],
			"sum":	{
				"start":	15.000284,
				"end":	16.000208,
				"seconds":	0.99992400407791138,
				"bytes":	960024,
				"bits_per_second":	7680775.7076322576,
				"omitted":	false,
				"sender":	false
			}
		}, {
			"streams":	[{
					"socket":	5,