{
	"start":	{
		"connected":	[{
				"socket":	5,
				"local_host":	"200.0.0.4",
				"local_port":	36808,
				"remote_host":	"100.0.0.2",
				"remote_port":	5203
			}],
		"version":	"iperf 3.11",
		"system_info":	"Linux archlinux 5.16.14-arch1-1 #1 SMP PREEMPT Fri, 11 Mar 2022 17:40:36 +0000 x86_64",
		"timestamp":	{
			"time":	"Fri, 27 May 2022 10:39:30 GMT",
			"timesecs":	1653647970
		},
		"connecting_to":	{
			"host":	"100.0.0.2",
			"port":	5203
		},
		"cookie":	"5mzzix54bnbix74bztsoxfmjgriigatxgmvq",
		"tcp_mss_default":	1448,
		"target_bitrate":	0,
		"sock_bufsize":	0,
		"sndbuf_actual":	16384,
		"rcvbuf_actual":	131072,
		"test_start":	{
			"protocol":	"TCP",
			"num_streams":	1,
			"blksize":	131072,
			"omit":	0,
			"duration":	30,
			"bytes":	0,
			"blocks":	0,
			"reverse":	1,
			"tos":	0,
			"target_bitrate":	0
		}
	},
	"intervals":	[{
			"streams":	[{
					"socket":	5,
					"start":	0,
					"end":	1.000139,
					"seconds":	1.0001389980316162,
					"bytes":	1200392,
					"bits_per_second":	9601801.3685098067,
					"omitted":	false,
					"sender":	false
				}],
			"sum":	{
				"start":	0,
				"end":	1.000139,
				"seconds":	1.0001389980316162,
				"bytes":	1200392,
				"bits_per_second":	9601801.3685098067,
				"omitted":	false,
				"sender":	false
			}
		}, {
			"streams":	[{
					"socket":	5,
					"start":	1.000139,
					"end":	2.000018,
					"seconds":	0.999879002571106,
					"bytes":	1197496,
					"bits_per_second":	9581127.29176821,
					"omitted":	false,
					"sender":	false
				}],
			"sum":	{
				"start":	1.000139,
				"end":	2.000018,
				"seconds":	0.999879002571106,
				"bytes":	1197496,
				"bits_per_second":	9581127.29176821,
				"omitted":	false,
				"sender":	false
			}
		}, {
			"streams":	[{
					"socket":	5,
					"start":	2.000018,
					"end":	3.000299,
					"seconds":	1.0002809762954712,
					"bytes":	1193152,
					"bits_per_second":	9542534.7739298157,
					"omitted":	false,
					"sender":	false
				}],
			"sum":	{
				"start":	2.000018,
				"end":	3.000299,
				"seconds":	1.0002809762954712,
				"bytes":	1193152,
				"bits_per_second":	9542534.7739298157,
				"omitted":	false,
				"sender":	false
			}
		}, {
			"streams":	[{
					"socket":	5,
					"start":	3.000299,
					"end":	4.000056,
					"seconds":	0.99975699186325073,
					"bytes":	1198944,
					"bits_per_second":	9593883.3917272128,
					"omitted":	false,
					"sender":	false
				}],
			"sum":	{
				"start":	3.000299,
				"end":	4.000056,
				"seconds":	0.99975699186325073,
				"bytes":	1198944,
				"bits_per_second":	9593883.3917272128,
				"omitted":	false,
				"sender":	false
			}
		}, {
			"streams":	[{
					"socket":	5,
					"start":	4.000056,
					"end":	5.000118,
					"seconds":	1.0000619888305664,
					"bytes":	1191704,
					"bits_per_second":	9533041.05793308,
					"omitted":	false,
					"sender":	false
				}],
			"sum":	{
				"start":	4.000056,
				"end":	5.000118,
				"seconds":	1.0000619888305664,
				"bytes":	1191704,
				"bits_per_second":	9533041.05793308,
				"omitted":	false,
				"sender":	false
			}
		}, {
			"streams":	[{
					"socket":	5,
					"start":	5.000118,
					"end":	6.000153,
					"seconds":	1.0000350475311279,
					"bytes":	1203288,
					"bits_per_second":	9625966.63363477,
					"omitted":	false,
					"sender":	false
				}],
			"sum":	{
				"start":	5.000118,
				"end":	6.000153,
				"seconds":	1.0000350475311279,
				"bytes":	1203288,
				"bits_per_second":	9625966.63363477,
				"omitted":	false,
				"sender":	false
			}
		}, {
			"streams":	[{
					"socket":	5,
					"start":	6.000153,
					"end":	7.000263,
					"seconds":	1.0001100301742554,
					"bytes":	973056,
					"bits_per_second":	7783591.5700632129,
					"omitted":	false,
					"sender":	false
				}],
			"sum":	{
				"start":	6.000153,
				"end":	7.000263,
				"seconds":	1.0001100301742554,
				"bytes":	973056,
				"bits_per_second":	7783591.5700632129,
				"omitted":	false,
				"sender":	false
			}
		}, {
			"streams":	[{
					"socket":	5,
					"start":	7.000263,
					"end":	8.000105,
					"seconds":	0.99984198808670044,
					"bytes":	0,
					"bits_per_second":	0,
					"omitted":	false,
					"sender":	false
				}],
			"sum":	{
				"start":	7.000263,
				"end":	8.000105,
				"seconds":	0.99984198808670044,
				"bytes":	0,
				"bits_per_second":	0,
				"omitted":	false,
				"sender":	false
			}
		}, {
			"streams":	[{
					"socket":	5,
					"start":	8.000105,
					"end":	9.001102,
					"seconds":	1.0009969472885132,
					"bytes":	0,
					"bits_per_second":	0,
					"omitted":	false,
					"sender":	false
				}],
			"sum":	{
				"start":	8.000105,
				"end":	9.001102,
				"seconds":	1.0009969472885132,
				"bytes":	0,
				"bits_per_second":	0,
				"omitted":	false,
				"sender":	false
			}
		}, {
			"streams":	[{
					"socket":	5,
					"start":	9.001102,
					"end":	10.00026,
					"seconds":	0.99915802478790283,
					"bytes":	0,
					"bits_per_second":	0,
					"omitted":	false,
					"sender":	false
				}],
			"sum":	{
				"start":	9.001102,
				"end":	10.00026,
				"seconds":	0.99915802478790283,
				"bytes":	0,
				"bits_per_second":	0,
				"omitted":	false,
				"sender":	false
			}
		}, {
			"streams":	[{
					"socket":	5,
					"start":	10.00026,
					"end":	11.00035,
					"seconds":	1.0000900030136108,
					"bytes":	0,
					"bits_per_second":	0,
					"omitted":	false,
					"sender":	false
				}],
			"sum":	{
				"start":	10.00026,
				"end":	11.00035,
				"seconds":	1.0000900030136108,
				"bytes":	0,
				"bits_per_second":	0,
				"omitted":	false,
				"sender":	false
			}
		}, {
			"streams":	[{
					"socket":	5,
					"start":	11.00035,
					"end":	12.001207,
					"seconds":	1.0008569955825806,
					"bytes":	0,
					"bits_per_second":	0,
					"omitted":	false,
					"sender":	false
				}],
			"sum":	{
				"start":	11.00035,
				"end":	12.001207,
				"seconds":	1.0008569955825806,
				"bytes":	0,
				"bits_per_second":	0,
				"omitted":	false,
				"sender":	false
			}
		}, {
			"streams":	[{
					"socket":	5,
					"start":	12.001207,
					"end":	13.000105,
					"seconds":	0.99889802932739258,
					"bytes":	0,
					"bits_per_second":	0,
					"omitted":	false,
					"sender":	false
				}],
			"sum":	{
				"start":	12.001207,
				"end":	13.000105,
				"seconds":	0.99889802932739258,
				"bytes":	0,
				"bits_per_second":	0,
				"omitted":	false,
				"sender":	false
			}
		}, {
			"streams":	[{
					"socket":	5,
					"start":	13.000105,
					"end":	14.000263,
					"seconds":	1.0001579523086548,
					"bytes":	0,
					"bits_per_second":	0,
					"omitted":	false,
					"sender":	false
				}],
			"sum":	{
				"start":	13.000105,
				"end":	14.000263,
				"seconds":	1.0001579523086548,
				"bytes":	0,
				"bits_per_second":	0,
				"omitted":	false,
				"sender":	false
			}
		}, {
			"streams":	[{
					"socket":	5,
					"start":	14.000263,
					"end":	15.000126,
					"seconds":	0.999863028526306,
					"bytes":	0,
					"bits_per_second":	0,
					"omitted":	false,
					"sender":	false
				}],
			"sum":	{
				"start":	14.000263,
				"end":	15.000126,
				"seconds":	0.999863028526306,
				"bytes":	0,
				"bits_per_second":	0,
				"omitted":	false,
				"sender":	false
			}
		}, {
			"streams":	[{
					"socket":	5,
					"start":	15.000126,
					"end":	16.000178,
					"seconds":	1.0000519752502441,
					"bytes":	0,
					"bits_per_second":	0,
					"omitted":	false,
					"sender":	false
				}],
			"sum":	{
				"start":	15.000126,
				"end":	16.000178,
				"seconds":	1.0000519752502441,
				"bytes":	0,
				"bits_per_second":	0,
				"omitted":	false,
				"sender":	false
			}
		}, {
			"streams":	[{
					"socket":	5,
					"start":	16.000178,
					"end":	17.001128,
					"seconds":	1.00094997882843,
					"bytes":	0,
					"bits_per_second":	0,
					"omitted":	false,
					"sender":	false
				}],
			"sum":	{
				"start":	16.000178,
				"end":	17.001128,
				"seconds":	1.00094997882843,
				"bytes":	0,
				"bits_per_second":	0,
				"omitted":	false,