{
	"start":	{
		"connected":	[{
				"socket":	5,
				"local_host":	"200.0.0.4",
				"local_port":	46838,
				"remote_host":	"100.0.0.2",
				"remote_port":	5203
			}],
		"version":	"iperf 3.11",
		"system_info":	"Linux archlinux 5.17.7-arch1-1 #1 SMP PREEMPT Thu, 12 May 2022 18:55:54 +0000 x86_64",
		"timestamp":	{
			"time":	"Fri, 27 May 2022 11:42:04 GMT",
			"timesecs":	1653651724
		},
		"connecting_to":	{
			"host":	"100.0.0.2",
			"port":	5203
		},
		"cookie":	"sve4bwmwl7dwpizn7w6nscbwgomwrodvdpvo",
		"tcp_mss_default":	1448,
		"target_bitrate":	0,
		"sock_bufsize":	0,
		"sndbuf_actual":	16384,
		"rcvbuf_actual":	131072,
		"test_start":	{
			"protocol":	"TCP",
			"num_streams":	1,
			"blksize":	131072,
			"omit":	0,
			"duration":	30,
			"bytes":	0,
			"blocks":	0,
			"reverse":	1,
			"tos":	0,
			"target_bitrate":	0
		}
	},
	"intervals":	[{
			"streams":	[{
					"socket":	5,
					"start":	0,
					"end":	1.00017,
					"seconds":	1.0001699924468994,
					"bytes":	1197496,
					"bits_per_second":	9578339.7545878831,
					"omitted":	false,
					"sender":	false
				}],
			"sum":	{
				"start":	0,
				"end":	1.00017,
				"seconds":	1.0001699924468994,
				"bytes":	1197496,
				"bits_per_second":	9578339.7545878831,
				"omitted":	false,
				"sender":	false
			}
		}, {
			"streams":	[{
					"socket":	5,
					"start":	1.00017,
					"end":	2.000141,
					"seconds":	0.99997097253799438,
					"bytes":	1196048,
					"bits_per_second":	9568661.75396551,
					"omitted":	false,
					"sender":	false
				}],
			"sum":	{
				"start":	1.00017,
				"end":	2.000141,
				"seconds":	0.99997097253799438,
				"bytes":	1196048,
				"bits_per_second":	9568661.75396551,
				"omitted":	false,
				"sender":	false
			}
		}, {
			"streams":	[{
					"socket":	5,
					"start":	2.000141,
					"end":	3.000057,
					"seconds":	0.99991601705551147,
					"bytes":	1167088,
					"bits_per_second":	9337488.1897523031,
					"omitted":	false,
					"sender":	false
				}],
			"sum":	{
				"start":	2.000141,
				"end":	3.000057,
				"seconds":	0.99991601705551147,
				"bytes":	1167088,
				"bits_per_second":	9337488.1897523031,
				"omitted":	false,
				"sender":	false
			}
		}, {
			"streams":	[{
					"socket":	5,
					"start":	3.000057,
					"end":	4.000182,
					"seconds":	1.0001250505447388,
					"bytes":	1194600,
					"bits_per_second":	9555605.06638114,
					"omitted":	false,
					"sender":	false
				}],
			"sum":	{
				"start":	3.000057,
				"end":	4.000182,
				"seconds":	1.0001250505447388,
				"bytes":	1194600,
				"bits_per_second":	9555605.06638114,
				"omitted":	false,
				"sender":	false
			}
		}, {
			"streams":	[{
					"socket":	5,
					"start":	4.000182,
					"end":	5.000034,
					"seconds":	0.99985200166702271,
					"bytes":	1196048,
					"bits_per_second":	9569800.31449347,
					"omitted":	false,
					"sender":	false
				}],
			"sum":	{
				"start":	4.000182,
				"end":	5.000034,
				"seconds":	0.99985200166702271,
				"bytes":	1196048,
				"bits_per_second":	9569800.31449347,
				"omitted":	false,
				"sender":	false
			}
		}, {
			"streams":	[{
					"socket":	5,
					"start":	5.000034,
					"end":	6.000068,
					"seconds":	1.000033974647522,
					"bytes":	1196048,
					"bits_per_second":	9568058.92857043,
					"omitted":	false,
					"sender":	false
				}],
			"sum":	{
				"start":	5.000034,
				"end":	6.000068,
				"seconds":	1.000033974647522,
				"bytes":	1196048,
				"bits_per_second":	9568058.92857043,
				"omitted":	false,
				"sender":	false
			}
		}, {
			"streams":	[{
					"socket":	5,
					"start":	6.000068,
					"end":	7.000115,
					"seconds":	1.000046968460083,
					"bytes":	1196048,
					"bits_per_second":	9567934.608845247,
					"omitted":	false,
					"sender":	false
				}],
			"sum":	{
				"start":	6.000068,
				"end":	7.000115,
				"seconds":	1.000046968460083,
				"bytes":	1196048,
				"bits_per_second":	9567934.608845247,
				"omitted":	false,
				"sender":	false
			}
		}, {
			"streams":	[{
					"socket":	5,
					"start":	7.000115,
					"end":	8.000033,
					"seconds":	0.999917984008789,
					"bytes":	1193152,
					"bits_per_second":	9545998.9245638959,
					"omitted":	false,
					"sender":	false
				}],
			"sum":	{
				"start":	7.000115,
				"end":	8.000033,
				"seconds":	0.999917984008789,
				"bytes":	1193152,
				"bits_per_second":	9545998.9245638959,
				"omitted":	false,
				"sender":	false
			}
		}, {
			"streams":	[{
					"socket":	5,
					"start":	8.000033,
					"end":	9.000049,
					"seconds":	1.0000159740448,
					"bytes":	1196048,
					"bits_per_second":	9568231.15664685,
					"omitted":	false,
					"sender":	false
				}],
			"sum":	{
				"start":	8.000033,
				"end":	9.000049,
				"seconds":	1.0000159740448,
				"bytes":	1196048,
				"bits_per_second":	9568231.15664685,
				"omitted":	false,
				"sender":	false
			}
		}, {
			"streams":	[{
					"socket":	5,
					"start":	9.000049,
					"end":	10.00007,
					"seconds":	1.0000209808349609,
					"bytes":	1196048,
					"bits_per_second":	9568183.2515263241,
					"omitted":	false,
					"sender":	false
				}],
			"sum":	{
				"start":	9.000049,
				"end":	10.00007,
				"seconds":	1.0000209808349609,
				"bytes":	1196048,
				"bits_per_second":	9568183.2515263241,
				"omitted":	false,
				"sender":	false
			}
		}, {
			"streams":	[{
					"socket":	5,
					"start":	10.00007,
					"end":	11.000152,
					"seconds":	1.0000820159912109,
					"bytes":	470600,
					"bits_per_second":	3764491.251518602,
					"omitted":	false,
					"sender":	false
				}],
			"sum":	{
				"start":	10.00007,
				"end":	11.000152,
				"seconds":	1.0000820159912109,
				"bytes":	470600,
				"bits_per_second":	3764491.251518602,
				"omitted":	false,
				"sender":	false
			}
		}, {
			"streams":	[{
					"socket":	5,
					"start":	11.000152,
					"end":	12.000142,
					"seconds":	0.99998998641967773,
					"bytes":	207064,
					"bits_per_second":	1656528.58778207,
					"omitted":	false,
					"sender":	false
				}],
			"sum":	{
				"start":	11.000152,
				"end":	12.000142,
				"seconds":	0.99998998641967773,
				"bytes":	207064,
				"bits_per_second":	1656528.58778207,
				"omitted":	false,
				"sender":	false
			}
		}, {
			"streams":	[{
					"socket":	5,
					"start":	12.000142,
					"end":	13.000135,
					"seconds":	0.99999302625656128,
					"bytes":	204168,
					"bits_per_second":	1633355.3906014382,
					"omitted":	false,
					"sender":	false
				}],
			"sum":	{
				"start":	12.000142,
				"end":	13.000135,
				"seconds":	0.99999302625656128,
				"bytes":	204168,
				"bits_per_second":	1633355.3906014382,
				"omitted":	false,
				"sender":	false
			}
		}, {
			"streams":	[{
					"socket":	5,
					"start":	13.000135,
					"end":	14.000235,
					"seconds":	1.0001000165939331,
					"bytes":	205616,
					"bits_per_second":	1644763.4963572689,
					"omitted":	false,
					"sender":	false
				}],
			"sum":	{
				"start":	13.000135,
				"end":	14.000235,
				"seconds":	1.0001000165939331,
				"bytes":	205616,
				"bits_per_second":	1644763.4963572689,
				"omitted":	false,
				"sender":	false
			}
		}, {
			"streams":	[{
					"socket":	5,
					"start":	14.000235,
					"end":	15.000325,
					"seconds":	1.0000900030136108,
					"bytes":	204168,
					"bits_per_second":	1633197.0073475186,
					"omitted":	false,
					"sender":	false
				}],
			"sum":	{
				"start":	14.000235,
				"end":	15.000325,
				"seconds":	1.0000900030136108,
				"bytes":	204168,
				"bits_per_second":	1633197.0073475186,
				"omitted":	false,
				"sender":	false
			}
		}, {
			"streams":	[{
					"socket":	5,
					"start":	15.000325,
					"end":	16.000075,
					"seconds":	0.999750018119812,
					"bytes":	207064,
					"bits_per_second":	1656926.2015271904,
					"omitted":	false,
					"sender":	false
				}],
			"sum":	{
				"start":	15.000325,
				"end":	16.000075,
				"seconds":	0.999750018119812,
				"bytes":	207064,
				"bits_per_second":	1656926.2015271904,
				"omitted":	false,
				"sender":	false
			}
		}, {
			"streams":	[{
					"socket":	5,