{
	"start":	{
		"connected":	[{
				"socket":	5,
				"local_host":	"200.0.0.2",
				"local_port":	45360,
				"remote_host":	"100.0.0.2",
				"remote_port":	5201
			}],
		"version":	"iperf 3.11",
		"system_info":	"Linux archlinux 5.16.14-arch1-1 #1 SMP PREEMPT Fri, 11 Mar 2022 17:40:36 +0000 x86_64",
		"timestamp":	{
			"time":	"Wed, 06 Apr 2022 15:07:13 GMT",
			"timesecs":	1649257633
		},
		"connecting_to":	{
			"host":	"100.0.0.2",
			"port":	5201
		},
		"cookie":	"dmtrmtzxxicifw3e2rjlntqcjkv6mvpo325x",
		"tcp_mss_default":	1448,
		"target_bitrate":	0,
		"sock_bufsize":	0,
		"sndbuf_actual":	16384,
		"rcvbuf_actual":	131072,
		"test_start":	{
			"protocol":	"TCP",
			"num_streams":	1,
			"blksize":	131072,
			"omit":	0,
			"duration":	30,
			"bytes":	0,
			"blocks":	0,
			"reverse":	1,
			"tos":	0,
			"target_bitrate":	0
		}
	},
	"intervals":	[{
			"streams":	[{
					"socket":	5,
					"start":	0,
					"end":	1.000158,
					"seconds":	1.0001579523086548,
					"bytes":	1200392,
					"bits_per_second":	9601619.40204862,
					"omitted":	false,
					"sender":	false
				}],
			"sum":	{
				"start":	0,
				"end":	1.000158,
				"seconds":	1.0001579523086548,
				"bytes":	1200392,
				"bits_per_second":	9601619.40204862,
				"omitted":	false,
				"sender":	false
			}
		}, {
			"streams":	[{
					"socket":	5,
					"start":	1.000158,
					"end":	2.000366,
					"seconds":	1.0002080202102661,
					"bytes":	1193152,
					"bits_per_second":	9543230.81511922,
					"omitted":	false,
					"sender":	false
				}],
			"sum":	{
				"start":	1.000158,
				"end":	2.000366,
				"seconds":	1.0002080202102661,
				"bytes":	1193152,
				"bits_per_second":	9543230.81511922,
				"omitted":	false,
				"sender":	false
			}
		}, {
			"streams":	[{
					"socket":	5,
					"start":	2.000366,
					"end":	3.000089,
					"seconds":	0.99972301721572876,
					"bytes":	1198944,
					"bits_per_second":	9594209.4308410361,
					"omitted":	false,
					"sender":	false
				}],
			"sum":	{
				"start":	2.000366,
				"end":	3.000089,
				"seconds":	0.99972301721572876,
				"bytes":	1198944,
				"bits_per_second":	9594209.4308410361,
				"omitted":	false,
				"sender":	false
			}
		}, {
			"streams":	[{
					"socket":	5,
					"start":	3.000089,
					"end":	4.000132,
					"seconds":	1.0000430345535278,
					"bytes":	1194600,
					"bits_per_second":	9556388.74507702,
					"omitted":	false,
					"sender":	false
				}],
			"sum":	{
				"start":	3.000089,
				"end":	4.000132,
				"seconds":	1.0000430345535278,
				"bytes":	1194600,
				"bits_per_second":	9556388.74507702,
				"omitted":	false,
				"sender":	false
			}
		}, {
			"streams":	[{
					"socket":	5,
					"start":	4.000132,
					"end":	5.000195,
					"seconds":	1.0000629425048828,
					"bytes":	1194600,
					"bits_per_second":	9556198.50892869,
					"omitted":	false,
					"sender":	false
				}],
			"sum":	{
				"start":	4.000132,
				"end":	5.000195,
				"seconds":	1.0000629425048828,
				"bytes":	1194600,
				"bits_per_second":	9556198.50892869,
				"omitted":	false,
				"sender":	false
			}
		}, {
			"streams":	[{
					"socket":	5,
					"start":	5.000195,
					"end":	6.00025,
					"seconds":	1.0000549554824829,
					"bytes":	1194600,
					"bits_per_second":	9556274.83030596,
					"omitted":	false,
					"sender":	false
				}],
			"sum":	{
				"start":	5.000195,
				"end":	6.00025,
				"seconds":	1.0000549554824829,
				"bytes":	1194600,
				"bits_per_second":	9556274.83030596,
				"omitted":	false,
				"sender":	false
			}
		}, {
			"streams":	[{
					"socket":	5,
					"start":	6.00025,
					"end":	7.000302,
					"seconds":	1.0000519752502441,
					"bytes":	1194600,
					"bits_per_second":	9556303.30874412,
					"omitted":	false,
					"sender":	false
				}],
			"sum":	{
				"start":	6.00025,
				"end":	7.000302,
				"seconds":	1.0000519752502441,
				"bytes":	1194600,
				"bits_per_second":	9556303.30874412,
				"omitted":	false,
				"sender":	false
			}
		}, {
			"streams":	[{
					"socket":	5,
					"start":	7.000302,
					"end":	8.000087,
					"seconds":	0.999785006046295,
					"bytes":	1201840,
					"bits_per_second":	9616787.5511775669,
					"omitted":	false,
					"sender":	false
				}],
			"sum":	{
				"start":	7.000302,
				"end":	8.000087,
				"seconds":	0.999785006046295,
				"bytes":	1201840,
				"bits_per_second":	9616787.5511775669,
				"omitted":	false,
				"sender":	false
			}
		}, {
			"streams":	[{
					"socket":	5,
					"start":	8.000087,
					"end":	9.000125,
					"seconds":	1.0000380277633667,
					"bytes":	1194600,
					"bits_per_second":	9556436.5900907237,
					"omitted":	false,
					"sender":	false
				}],
			"sum":	{
				"start":	8.000087,
				"end":	9.000125,
				"seconds":	1.0000380277633667,
				"bytes":	1194600,
				"bits_per_second":	9556436.5900907237,
				"omitted":	false,
				"sender":	false
			}
		}, {
			"streams":	[{
					"socket":	5,
					"start":	9.000125,
					"end":	10.000032,
					"seconds":	0.99990701675415039,
					"bytes":	1194600,
					"bits_per_second":	9557688.7049186043,
					"omitted":	false,
					"sender":	false
				}],
			"sum":	{
				"start":	9.000125,
				"end":	10.000032,
				"seconds":	0.99990701675415039,
				"bytes":	1194600,
				"bits_per_second":	9557688.7049186043,
				"omitted":	false,
				"sender":	false
			}
		}, {
			"streams":	[{
					"socket":	5,
					"start":	10.000032,
					"end":	11.00007,
					"seconds":	1.0000380277633667,
					"bytes":	796400,
					"bits_per_second":	6370957.7267271485,
					"omitted":	false,
					"sender":	false
				}],
			"sum":	{
				"start":	10.000032,
				"end":	11.00007,
				"seconds":	1.0000380277633667,
				"bytes":	796400,
				"bits_per_second":	6370957.7267271485,
				"omitted":	false,
				"sender":	false
			}
		}, {
			"streams":	[{
					"socket":	5,
					"start":	11.00007,
					"end":	12.000055,
					"seconds":	0.9999849796295166,
					"bytes":	94120,
					"bits_per_second":	752971.30990803824,
					"omitted":	false,
					"sender":	false
				}],
			"sum":	{
				"start":	11.00007,
				"end":	12.000055,
				"seconds":	0.9999849796295166,
				"bytes":	94120,
				"bits_per_second":	752971.30990803824,
				"omitted":	false,
				"sender":	false
			}
		}, {
			"streams":	[{
					"socket":	5,
					"start":	12.000055,
					"end":	13.000125,
					"seconds":	1.0000699758529663,
					"bytes":	82536,
					"bits_per_second":	660241.79901694972,
					"omitted":	false,
					"sender":	false
				}],
			"sum":	{
				"start":	12.000055,
				"end":	13.000125,
				"seconds":	1.0000699758529663,
				"bytes":	82536,
				"bits_per_second":	660241.79901694972,
				"omitted":	false,
				"sender":	false
			}
		}, {
			"streams":	[{
					"socket":	5,
					"start":	13.000125,
					"end":	14.000479,
					"seconds":	1.0003540515899658,
					"bytes":	89776,
					"bits_per_second":	717953.8073129988,
					"omitted":	false,
					"sender":	false
				}],
			"sum":	{
				"start":	13.000125,
				"end":	14.000479,
				"seconds":	1.0003540515899658,
				"bytes":	89776,
				"bits_per_second":	717953.8073129988,
				"omitted":	false,
				"sender":	false
			}
		}, {
			"streams":	[{
					"socket":	5,
					"start":	14.000479,
					"end":	15.000255,
					"seconds":	0.999776005744934,
					"bytes":	88328,
					"bits_per_second":	706782.315178182,
					"omitted":	false,
					"sender":	false
				}],
			"sum":	{
				"start":	14.000479,
				"end":	15.000255,
				"seconds":	0.999776005744934,
				"bytes":	88328,
				"bits_per_second":	706782.315178182,
				"omitted":	false,
				"sender":	false
			}
		}, {
			"streams":	[{
					"socket":	5,
					"start":	15.000255,
					"end":	16.000096,
					"seconds":	0.99984097480773926,
					"bytes":	94120,
					"bits_per_second":	753079.75865340757,
					"omitted":	false,
					"sender":	false
				}],
			"sum":	{
				"start":	15.000255,
				"end":	16.000096,
				"seconds":	0.99984097480773926,
				"bytes":	94120,
				"bits_per_second":	753079.75865340757,
				"omitted":	false,
				"sender":	false
			}
		}, {
			"streams":	[{
					"socket":	5,