{
	"start":	{
		"connected":	[{
				"socket":	5,
				"local_host":	"200.0.0.2",
				"local_port":	45546,
				"remote_host":	"100.0.0.2",
				"remote_port":	5201
			}],
		"version":	"iperf 3.11",
		"system_info":	"Linux archlinux 5.16.14-arch1-1 #1 SMP PREEMPT Fri, 11 Mar 2022 17:40:36 +0000 x86_64",
		"timestamp":	{
			"time":	"Fri, 27 May 2022 10:46:32 GMT",
			"timesecs":	1653648392
		},
		"connecting_to":	{
			"host":	"100.0.0.2",
			"port":	5201
		},
		"cookie":	"sgzbuf73qsicnmtpty6uphzuvd5sxsj3dssj",
		"tcp_mss_default":	1448,
		"target_bitrate":	0,
		"sock_bufsize":	0,
		"sndbuf_actual":	16384,
		"rcvbuf_actual":	131072,
		"test_start":	{
			"protocol":	"TCP",
			"num_streams":	1,
			"blksize":	131072,
			"omit":	0,
			"duration":	30,
			"bytes":	0,
			"blocks":	0,
			"reverse":	1,
			"tos":	0,
			"target_bitrate":	0
		}
	},
	"intervals":	[{
			"streams":	[{
					"socket":	5,
					"start":	0,
					"end":	1.000568,
					"seconds":	1.0005680322647095,
					"bytes":	1185912,
					"bits_per_second":	9481909.96920642,
					"omitted":	false,
					"sender":	false
				}],
			"sum":	{
				"start":	0,
				"end":	1.000568,
				"seconds":	1.0005680322647095,
				"bytes":	1185912,
				"bits_per_second":	9481909.96920642,
				"omitted":	false,
				"sender":	false
			}
		}, {
			"streams":	[{
					"socket":	5,
					"start":	1.000568,
					"end":	2.000096,
					"seconds":	0.99952799081802368,
					"bytes":	1201840,
					"bits_per_second":	9619260.379222814,
					"omitted":	false,
					"sender":	false
				}],
			"sum":	{
				"start":	1.000568,
				"end":	2.000096,
				"seconds":	0.99952799081802368,
				"bytes":	1201840,
				"bits_per_second":	9619260.379222814,
				"omitted":	false,
				"sender":	false
			}
		}, {
			"streams":	[{
					"socket":	5,
					"start":	2.000096,
					"end":	3.000441,
					"seconds":	1.00034499168396,
					"bytes":	1191704,
					"bits_per_second":	9530344.11053659,
					"omitted":	false,
					"sender":	false
				}],
			"sum":	{
				"start":	2.000096,
				"end":	3.000441,
				"seconds":	1.00034499168396,
				"bytes":	1191704,
				"bits_per_second":	9530344.11053659,
				"omitted":	false,
				"sender":	false
			}
		}, {
			"streams":	[{
					"socket":	5,
					"start":	3.000441,
					"end":	4.000243,
					"seconds":	0.999801993370056,
					"bytes":	1164192,
					"bits_per_second":	9315380.5071008559,
					"omitted":	false,
					"sender":	false
				}],
			"sum":	{
				"start":	3.000441,
				"end":	4.000243,
				"seconds":	0.999801993370056,
				"bytes":	1164192,
				"bits_per_second":	9315380.5071008559,
				"omitted":	false,
				"sender":	false
			}
		}, {
			"streams":	[{
					"socket":	5,
					"start":	4.000243,
					"end":	5.000487,
					"seconds":	1.0002440214157104,
					"bytes":	1201840,
					"bits_per_second":	9612374.3747967239,
					"omitted":	false,
					"sender":	false
				}],
			"sum":	{
				"start":	4.000243,
				"end":	5.000487,
				"seconds":	1.0002440214157104,
				"bytes":	1201840,
				"bits_per_second":	9612374.3747967239,
				"omitted":	false,
				"sender":	false
			}
		}, {
			"streams":	[{
					"socket":	5,
					"start":	5.000487,
					"end":	6.000514,
					"seconds":	1.0000269412994385,
					"bytes":	1190256,
					"bits_per_second":	9521791.4705648,
					"omitted":	false,
					"sender":	false
				}],
			"sum":	{
				"start":	5.000487,
				"end":	6.000514,
				"seconds":	1.0000269412994385,
				"bytes":	1190256,
				"bits_per_second":	9521791.4705648,
				"omitted":	false,
				"sender":	false
			}
		}, {
			"streams":	[{
					"socket":	5,
					"start":	6.000514,
					"end":	7.000367,
					"seconds":	0.999853014945984,
					"bytes":	1200392,
					"bits_per_second":	9604547.7249661554,
					"omitted":	false,
					"sender":	false
				}],
			"sum":	{
				"start":	6.000514,
				"end":	7.000367,
				"seconds":	0.999853014945984,
				"bytes":	1200392,
				"bits_per_second":	9604547.7249661554,
				"omitted":	false,
				"sender":	false
			}
		}, {
			"streams":	[{
					"socket":	5,
					"start":	7.000367,
					"end":	8.000322,
					"seconds":	0.99995499849319458,
					"bytes":	1190256,
					"bits_per_second":	9522476.52579218,
					"omitted":	false,
					"sender":	false
				}],
			"sum":	{
				"start":	7.000367,
				"end":	8.000322,
				"seconds":	0.99995499849319458,
				"bytes":	1190256,
				"bits_per_second":	9522476.52579218,
				"omitted":	false,
				"sender":	false
			}
		}, {
			"streams":	[{
					"socket":	5,
					"start":	8.000322,
					"end":	9.000369,
					"seconds":	1.000046968460083,
					"bytes":	797848,
					"bits_per_second":	6382484.22454447,
					"omitted":	false,
					"sender":	false
				}],
			"sum":	{
				"start":	8.000322,
				"end":	9.000369,
				"seconds":	1.000046968460083,
				"bytes":	797848,
				"bits_per_second":	6382484.22454447,
				"omitted":	false,
				"sender":	false
			}
		}, {
			"streams":	[{
					"socket":	5,
					"start":	9.000369,
					"end":	10.000135,
					"seconds":	0.99976599216461182,
					"bytes":	94120,
					"bits_per_second":	753136.23978122359,
					"omitted":	false,
					"sender":	false
				}],
			"sum":	{
				"start":	9.000369,
				"end":	10.000135,
				"seconds":	0.99976599216461182,
				"bytes":	94120,
				"bits_per_second":	753136.23978122359,
				"omitted":	false,
				"sender":	false
			}
		}, {
			"streams":	[{
					"socket":	5,
					"start":	10.000135,
					"end":	11.000345,
					"seconds":	1.0002100467681885,
					"bytes":	88328,
					"bits_per_second":	706475.60708192841,
					"omitted":	false,
					"sender":	false
				}],
			"sum":	{
				"start":	10.000135,
				"end":	11.000345,
				"seconds":	1.0002100467681885,
				"bytes":	88328,
				"bits_per_second":	706475.60708192841,
				"omitted":	false,
				"sender":	false
			}
		}, {
			"streams":	[{
					"socket":	5,
					"start":	11.000345,
					"end":	12.000349,
					"seconds":	1.0000040531158447,
					"bytes":	94120,
					"bits_per_second":	752956.948178263,
					"omitted":	false,
					"sender":	false
				}],
			"sum":	{
				"start":	11.000345,
				"end":	12.000349,
				"seconds":	1.0000040531158447,
				"bytes":	94120,
				"bits_per_second":	752956.948178263,
				"omitted":	false,
				"sender":	false
			}
		}, {
			"streams":	[{
					"socket":	5,
					"start":	12.000349,
					"end":	13.000053,
					"seconds":	0.99970400333404541,
					"bytes":	89776,
					"bits_per_second":	718420.65011718764,
					"omitted":	false,
					"sender":	false
				}],
			"sum":	{
				"start":	12.000349,
				"end":	13.000053,
				"seconds":	0.99970400333404541,
				"bytes":	89776,
				"bits_per_second":	718420.65011718764,
				"omitted":	false,
				"sender":	false
			}
		}, {
			"streams":	[{
					"socket":	5,
					"start":	13.000053,
					"end":	14.000126,
					"seconds":	1.0000729560852051,
					"bytes":	94120,
					"bits_per_second":	752905.07099348924,
					"omitted":	false,
					"sender":	false
				}],
			"sum":	{
				"start":	13.000053,
				"end":	14.000126,
				"seconds":	1.0000729560852051,
				"bytes":	94120,
				"bits_per_second":	752905.07099348924,
				"omitted":	false,
				"sender":	false
			}
		}, {
			"streams":	[{
					"socket":	5,
					"start":	14.000126,
					"end":	15.000367,
					"seconds":	1.0002410411834717,
					"bytes":	89776,
					"bits_per_second":	718034.924012142,
					"omitted":	false,
					"sender":	false
				}],
			"sum":	{
				"start":	14.000126,
				"end":	15.000367,
				"seconds":	1.0002410411834717,
				"bytes":	89776,
				"bits_per_second":	718034.924012142,
				"omitted":	false,
				"sender":	false
			}
		}, {
			"streams":	[{
					"socket":	5,
					"start":	15.000367,
					"end":	16.000363,
					"seconds":	0.9999960064888,
					"bytes":	91224,
					"bits_per_second":	729794.91444416449,
					"omitted":	false,
					"sender":	false
				}],
			"sum":	{
				"start":	15.000367,
				"end":	16.000363,
				"seconds":	0.9999960064888,
				"bytes":	91224,
				"bits_per_second":	729794.91444416449,
				"omitted":	false,
				"sender":	false
			}
		}, {
			"streams":	[{
					"socket":	5,
					"start":	16.000363,