{
	"start":	{
		"connected":	[{
				"socket":	5,
				"local_host":	"200.0.0.2",
				"local_port":	45538,
				"remote_host":	"100.0.0.2",
				"remote_port":	5201
			}],
		"version":	"iperf 3.11",
		"system_info":	"Linux archlinux 5.16.14-arch1-1 #1 SMP PREEMPT Fri, 11 Mar 2022 17:40:36 +0000 x86_64",
		"timestamp":	{
			"time":	"Fri, 27 May 2022 10:42:17 GMT",
			"timesecs":	1653648137
		},
		"connecting_to":	{
			"host":	"100.0.0.2",
			"port":	5201
		},
		"cookie":	"3urntpwmaprxffqoujtaf3ayp5t6bdifhkpa",
		"tcp_mss_default":	1448,
		"target_bitrate":	0,
		"sock_bufsize":	0,
		"sndbuf_actual":	16384,
		"rcvbuf_actual":	131072,
		"test_start":	{
			"protocol":	"TCP",
			"num_streams":	1,
			"blksize":	131072,
			"omit":	0,
			"duration":	30,
			"bytes":	0,
			"blocks":	0,
			"reverse":	1,
			"tos":	0,
			"target_bitrate":	0
		}
	},
	"intervals":	[{
			"streams":	[{
					"socket":	5,
					"start":	0,
					"end":	1.000303,
					"seconds":	1.0003030300140381,
					"bytes":	960024,
					"bits_per_second":	7677865.3763472233,
					"omitted":	false,
					"sender":	false
				}],
			"sum":	{
				"start":	0,
				"end":	1.000303,
				"seconds":	1.0003030300140381,
				"bytes":	960024,
				"bits_per_second":	7677865.3763472233,
				"omitted":	false,
				"sender":	false
			}
		}, {
			"streams":	[{
					"socket":	5,
					"start":	1.000303,
					"end":	2.000407,
					"seconds":	1.0001039505004883,
					"bytes":	960024,
					"bits_per_second":	7679393.72317903,
					"omitted":	false,
					"sender":	false
				}],
			"sum":	{
				"start":	1.000303,
				"end":	2.000407,
				"seconds":	1.0001039505004883,
				"bytes":	960024,
				"bits_per_second":	7679393.72317903,
				"omitted":	false,
				"sender":	false
			}
		}, {
			"streams":	[{
					"socket":	5,
					"start":	2.000407,
					"end":	3.000229,
					"seconds":	0.99982202053070068,
					"bytes":	951336,
					"bits_per_second":	7612042.7873355737,
					"omitted":	false,
					"sender":	false
				}],
			"sum":	{
				"start":	2.000407,
				"end":	3.000229,
				"seconds":	0.99982202053070068,
				"bytes":	951336,
				"bits_per_second":	7612042.7873355737,
				"omitted":	false,
				"sender":	false
			}
		}, {
			"streams":	[{
					"socket":	5,
					"start":	3.000229,
					"end":	4.000184,
					"seconds":	0.99995499849319458,
					"bytes":	955680,
					"bits_per_second":	7645784.07180394,
					"omitted":	false,
					"sender":	false
				}],
			"sum":	{
				"start":	3.000229,
				"end":	4.000184,
				"seconds":	0.99995499849319458,
				"bytes":	955680,
				"bits_per_second":	7645784.07180394,
				"omitted":	false,
				"sender":	false
			}
		}, {
			"streams":	[{
					"socket":	5,
					"start":	4.000184,
					"end":	5.000266,
					"seconds":	1.0000820159912109,
					"bytes":	960024,
					"bits_per_second":	7679562.1530979481,
					"omitted":	false,
					"sender":	false
				}],
			"sum":	{
				"start":	4.000184,
				"end":	5.000266,
				"seconds":	1.0000820159912109,
				"bytes":	960024,
				"bits_per_second":	7679562.1530979481,
				"omitted":	false,
				"sender":	false
			}
		}, {
			"streams":	[{
					"socket":	5,
					"start":	5.000266,
					"end":	6.000221,
					"seconds":	0.99995499849319458,
					"bytes":	951336,
					"bits_per_second":	7611030.507841195,
					"omitted":	false,
					"sender":	false
				}],
			"sum":	{
				"start":	5.000266,
				"end":	6.000221,
				"seconds":	0.99995499849319458,
				"bytes":	951336,
				"bits_per_second":	7611030.507841195,
				"omitted":	false,
				"sender":	false
			}
		}, {
			"streams":	[{
					"socket":	5,
					"start":	6.000221,
					"end":	7.00051,
					"seconds":	1.0002889633178711,
					"bytes":	955680,
					"bits_per_second":	7643231.3864993,
					"omitted":	false,
					"sender":	false
				}],
			"sum":	{
				"start":	6.000221,
				"end":	7.00051,
				"seconds":	1.0002889633178711,
				"bytes":	955680,
				"bits_per_second":	7643231.3864993,
				"omitted":	false,
				"sender":	false
			}
		}, {
			"streams":	[{
					"socket":	5,
					"start":	7.00051,
					"end":	8.00047,
					"seconds":	0.99996000528335571,
					"bytes":	960024,
					"bits_per_second":	7680499.1793883666,
					"omitted":	false,
					"sender":	false
				}],
			"sum":	{
				"start":	7.00051,
				"end":	8.00047,
				"seconds":	0.99996000528335571,
				"bytes":	960024,
				"bits_per_second":	7680499.1793883666,
				"omitted":	false,
				"sender":	false
			}
		}, {
			"streams":	[{
					"socket":	5,
					"start":	8.00047,
					"end":	9.000405,
					"seconds":	0.99993497133255,
					"bytes":	951336,
					"bits_per_second":	7611182.945084637,
					"omitted":	false,
					"sender":	false
				}],
			"sum":	{
				"start":	8.00047,
				"end":	9.000405,
				"seconds":	0.99993497133255,
				"bytes":	951336,
				"bits_per_second":	7611182.945084637,
				"omitted":	false,
				"sender":	false
			}
		}, {
			"streams":	[{
					"socket":	5,
					"start":	9.000405,
					"end":	10.000476,
					"seconds":	1.0000710487365723,
					"bytes":	955680,
					"bits_per_second":	7644896.83973831,
					"omitted":	false,
					"sender":	false
				}],
			"sum":	{
				"start":	9.000405,
				"end":	10.000476,
				"seconds":	1.0000710487365723,
				"bytes":	955680,
				"bits_per_second":	7644896.83973831,
				"omitted":	false,
				"sender":	false
			}
		}, {
			"streams":	[{
					"socket":	5,
					"start":	10.000476,
					"end":	11.000281,
					"seconds":	0.999804973602295,
					"bytes":	960024,
					"bits_per_second":	7681690.1323548,
					"omitted":	false,
					"sender":	false
				}],
			"sum":	{
				"start":	10.000476,
				"end":	11.000281,
				"seconds":	0.999804973602295,
				"bytes":	960024,
				"bits_per_second":	7681690.1323548,
				"omitted":	false,
				"sender":	false
			}
		}, {
			"streams":	[{
					"socket":	5,
					"start":	11.000281,
					"end":	12.000116,
					"seconds":	0.99983501434326172,
					"bytes":	960024,
					"bits_per_second":	7681459.33061237,
					"omitted":	false,
					"sender":	false
				}],
			"sum":	{
				"start":	11.000281,
				"end":	12.000116,
				"seconds":	0.99983501434326172,
				"bytes":	960024,
				"bits_per_second":	7681459.33061237,
				"omitted":	false,
				"sender":	false
			}
		}, {
			"streams":	[{
					"socket":	5,
					"start":	12.000116,
					"end":	13.000246,
					"seconds":	1.0001300573349,
					"bytes":	951336,
					"bits_per_second":	7609698.30291933,
					"omitted":	false,
					"sender":	false
				}],
			"sum":	{
				"start":	12.000116,
				"end":	13.000246,
				"seconds":	1.0001300573349,
				"bytes":	951336,
				"bits_per_second":	7609698.30291933,
				"omitted":	false,
				"sender":	false
			}
		}, {
			"streams":	[{
					"socket":	5,
					"start":	13.000246,
					"end":	14.00022,
					"seconds":	0.999974012374878,
					"bytes":	955680,
					"bits_per_second":	7645638.691992146,
					"omitted":	false,
					"sender":	false
				}],
			"sum":	{
				"start":	13.000246,
				"end":	14.00022,
				"seconds":	0.999974012374878,
				"bytes":	955680,
				"bits_per_second":	7645638.691992146,
				"omitted":	false,
				"sender":	false
			}
		}, {
			"streams":	[{
					"socket":	5,
					"start":	14.00022,
					"end":	15.000415,
					"seconds":	1.0001950263977051,
					"bytes":	960024,
					"bits_per_second":	7678694.45188197,
					"omitted":	false,
					"sender":	false
				}],
			"sum":	{
				"start":	14.00022,
				"end":	15.000415,
				"seconds":	1.0001950263977051,
				"bytes":	960024,
				"bits_per_second":	7678694.45188197,
				"omitted":	false,
				"sender":	false
			}
		}, {
			"streams":	[{
					"socket":	5,
					"start":	15.000415,
					"end":	16.000146,
					"seconds":	0.99973100423812866,
					"bytes":	951336,
					"bits_per_second":	7612735.7936647423,
					"omitted":	false,
					"sender":	false
				}],
			"sum":	{
				"start":	15.000415,
				"end":	16.000146,
				"seconds":	0.99973100423812866,
				"bytes":	951336,
				"bits_per_second":	7612735.7936647423,
				"omitted":	false,
				"sender":	false
			}
		}, {
			"streams":	[{
					"socket":	5,
					"start":	16.000146,