{
	"start":	{
		"connected":	[{
				"socket":	5,
				"local_host":	"200.0.0.3",
				"local_port":	56226,
				"remote_host":	"100.0.0.2",
				"remote_port":	5202
			}],
		"version":	"iperf 3.11",
		"system_info":	"Linux archlinux 5.16.14-arch1-1 #1 SMP PREEMPT Fri, 11 Mar 2022 17:40:36 +0000 x86_64",
		"timestamp":	{
			"time":	"Fri, 27 May 2022 10:42:10 GMT",
			"timesecs":	1653648130
		},
		"connecting_to":	{
			"host":	"100.0.0.2",
			"port":	5202
		},
		"cookie":	"gc3lpoesjji5riolqf5lanauuih6ikopqy4e",
		"tcp_mss_default":	1448,
		"target_bitrate":	0,
		"sock_bufsize":	0,
		"sndbuf_actual":	16384,
		"rcvbuf_actual":	131072,
		"test_start":	{
			"protocol":	"TCP",
			"num_streams":	1,
			"blksize":	131072,
			"omit":	0,
			"duration":	30,
			"bytes":	0,
			"blocks":	0,
			"reverse":	1,
			"tos":	0,
			"target_bitrate":	0
		}
	},
	"intervals":	[{
			"streams":	[{
					"socket":	5,
					"start":	0,
					"end":	1.000306,
					"seconds":	1.0003060102462769,
					"bytes":	1200392,
					"bits_per_second":	9600198.2409719732,
					"omitted":	false,
					"sender":	false
				}],
			"sum":	{
				"start":	0,
				"end":	1.000306,
				"seconds":	1.0003060102462769,
				"bytes":	1200392,
				"bits_per_second":	9600198.2409719732,
				"omitted":	false,
				"sender":	false
			}
		}, {
			"streams":	[{
					"socket":	5,
					"start":	1.000306,
					"end":	2.000173,
					"seconds":	0.999867022037506,
					"bytes":	1197496,
					"bits_per_second":	9581242.09405183,
					"omitted":	false,
					"sender":	false
				}],
			"sum":	{
				"start":	1.000306,
				"end":	2.000173,
				"seconds":	0.999867022037506,
				"bytes":	1197496,
				"bits_per_second":	9581242.09405183,
				"omitted":	false,
				"sender":	false
			}
		}, {
			"streams":	[{
					"socket":	5,
					"start":	2.000173,
					"end":	3.000318,
					"seconds":	1.0001449584960938,
					"bytes":	1193152,
					"bits_per_second":	9543832.5403879751,
					"omitted":	false,
					"sender":	false
				}],
			"sum":	{
				"start":	2.000173,
				"end":	3.000318,
				"seconds":	1.0001449584960938,
				"bytes":	1193152,
				"bits_per_second":	9543832.5403879751,
				"omitted":	false,
				"sender":	false
			}
		}, {
			"streams":	[{
					"socket":	5,
					"start":	3.000318,
					"end":	4.001032,
					"seconds":	1.0007139444351196,
					"bytes":	1193152,
					"bits_per_second":	9538406.1080392543,
					"omitted":	false,
					"sender":	false
				}],
			"sum":	{
				"start":	3.000318,
				"end":	4.001032,
				"seconds":	1.0007139444351196,
				"bytes":	1193152,
				"bits_per_second":	9538406.1080392543,
				"omitted":	false,
				"sender":	false
			}
		}, {
			"streams":	[{
					"socket":	5,
					"start":	4.001032,
					"end":	5.00015,
					"seconds":	0.99911797046661377,
					"bytes":	1196048,
					"bits_per_second":	9576831.04782043,
					"omitted":	false,
					"sender":	false
				}],
			"sum":	{
				"start":	4.001032,
				"end":	5.00015,
				"seconds":	0.99911797046661377,
				"bytes":	1196048,
				"bits_per_second":	9576831.04782043,
				"omitted":	false,
				"sender":	false
			}
		}, {
			"streams":	[{
					"socket":	5,
					"start":	5.00015,
					"end":	6.000215,
					"seconds":	1.0000649690628052,
					"bytes":	1194600,
					"bits_per_second":	9556179.1439970154,
					"omitted":	false,
					"sender":	false
				}],
			"sum":	{
				"start":	5.00015,
				"end":	6.000215,
				"seconds":	1.0000649690628052,
				"bytes":	1194600,
				"bits_per_second":	9556179.1439970154,
				"omitted":	false,
				"sender":	false
			}
		}, {
			"streams":	[{
					"socket":	5,
					"start":	6.000215,
					"end":	7.00013,
					"seconds":	0.99991500377655029,
					"bytes":	1193152,
					"bits_per_second":	9546027.37627593,
					"omitted":	false,
					"sender":	false
				}],
			"sum":	{
				"start":	6.000215,
				"end":	7.00013,
				"seconds":	0.99991500377655029,
				"bytes":	1193152,
				"bits_per_second":	9546027.37627593,
				"omitted":	false,
				"sender":	false
			}
		}, {
			"streams":	[{
					"socket":	5,
					"start":	7.00013,
					"end":	8.000236,
					"seconds":	1.0001059770584106,
					"bytes":	679112,
					"bits_per_second":	5432320.2986744018,
					"omitted":	false,
					"sender":	false
				}],
			"sum":	{
				"start":	7.00013,
				"end":	8.000236,
				"seconds":	1.0001059770584106,
				"bytes":	679112,
				"bits_per_second":	5432320.2986744018,
				"omitted":	false,
				"sender":	false
			}
		}, {
			"streams":	[{
					"socket":	5,
					"start":	8.000236,
					"end":	9.000121,
					"seconds":	0.99988502264022827,
					"bytes":	238920,
					"bits_per_second":	1911579.7883970628,
					"omitted":	false,
					"sender":	false
				}],
			"sum":	{
				"start":	8.000236,
				"end":	9.000121,
				"seconds":	0.99988502264022827,
				"bytes":	238920,
				"bits_per_second":	1911579.7883970628,
				"omitted":	false,
				"sender":	false
			}
		}, {
			"streams":	[{
					"socket":	5,
					"start":	9.000121,
					"end":	10.000098,
					"seconds":	0.9999769926071167,
					"bytes":	237472,
					"bits_per_second":	1899819.709898473,
					"omitted":	false,
					"sender":	false
				}],
			"sum":	{
				"start":	9.000121,
				"end":	10.000098,
				"seconds":	0.9999769926071167,
				"bytes":	237472,
				"bits_per_second":	1899819.709898473,
				"omitted":	false,
				"sender":	false
			}
		}, {
			"streams":	[{
					"socket":	5,
					"start":	10.000098,
					"end":	11.000314,
					"seconds":	1.000216007232666,
					"bytes":	243264,
					"bits_per_second":	1945691.7165166941,
					"omitted":	false,
					"sender":	false
				}],
			"sum":	{
				"start":	10.000098,
				"end":	11.000314,
				"seconds":	1.000216007232666,
				"bytes":	243264,
				"bits_per_second":	1945691.7165166941,
				"omitted":	false,
				"sender":	false
			}
		}, {
			"streams":	[{
					"socket":	5,
					"start":	11.000314,
					"end":	12.000083,
					"seconds":	0.99976897239685059,
					"bytes":	237472,
					"bits_per_second":	1900215.0021174077,
					"omitted":	false,
					"sender":	false
				}],
			"sum":	{
				"start":	11.000314,
				"end":	12.000083,
				"seconds":	0.99976897239685059,
				"bytes":	237472,
				"bits_per_second":	1900215.0021174077,
				"omitted":	false,
				"sender":	false
			}
		}, {
			"streams":	[{
					"socket":	5,
					"start":	12.000083,
					"end":	13.000059,
					"seconds":	0.99997597932815552,
					"bytes":	238920,
					"bits_per_second":	1911405.913254204,
					"omitted":	false,
					"sender":	false
				}],
			"sum":	{
				"start":	12.000083,
				"end":	13.000059,
				"seconds":	0.99997597932815552,
				"bytes":	238920,
				"bits_per_second":	1911405.913254204,
				"omitted":	false,
				"sender":	false
			}
		}, {
			"streams":	[{
					"socket":	5,
					"start":	13.000059,
					"end":	14.000224,
					"seconds":	1.0001649856567383,
					"bytes":	237472,
					"bits_per_second":	1899462.6159128638,
					"omitted":	false,
					"sender":	false
				}],
			"sum":	{
				"start":	13.000059,
				"end":	14.000224,
				"seconds":	1.0001649856567383,
				"bytes":	237472,
				"bits_per_second":	1899462.6159128638,
				"omitted":	false,
				"sender":	false
			}
		}, {
			"streams":	[{
					"socket":	5,
					"start":	14.000224,
					"end":	15.000391,
					"seconds":	1.0001670122146606,
					"bytes":	238920,
					"bits_per_second":	1911040.8328382007,
					"omitted":	false,
					"sender":	false
				}],
			"sum":	{
				"start":	14.000224,
				"end":	15.000391,
				"seconds":	1.0001670122146606,
				"bytes":	238920,
				"bits_per_second":	1911040.8328382007,
				"omitted":	false,
				"sender":	false
			}
		}, {
			"streams":	[{
					"socket":	5,
					"start":	15.000391,
					"end":	16.000159,
					"seconds":	0.99976801872253418,
					"bytes":	236024,
					"bits_per_second":	1888630.1268294824,
					"omitted":	false,
					"sender":	false
				}],
			"sum":	{
				"start":	15.000391,
				"end":	16.000159,
				"seconds":	0.99976801872253418,
				"bytes":	236024,
				"bits_per_second":	1888630.1268294824,
				"omitted":	false,