{
	"start":	{
		"connected":	[{
				"socket":	5,
				"local_host":	"200.0.0.3",
				"local_port":	56208,
				"remote_host":	"100.0.0.2",
				"remote_port":	5202
			}],
		"version":	"iperf 3.11",
		"system_info":	"Linux archlinux 5.16.14-arch1-1 #1 SMP PREEMPT Fri, 11 Mar 2022 17:40:36 +0000 x86_64",
		"timestamp":	{
			"time":	"Fri, 27 May 2022 10:16:46 GMT",
			"timesecs":	1653646606
		},
		"connecting_to":	{
			"host":	"100.0.0.2",
			"port":	5202
		},
		"cookie":	"t7daqtpg56frxorzgzrclzmjsddz6qzkuifm",
		"tcp_mss_default":	1448,
		"target_bitrate":	0,
		"sock_bufsize":	0,
		"sndbuf_actual":	16384,
		"rcvbuf_actual":	131072,
		"test_start":	{
			"protocol":	"TCP",
			"num_streams":	1,
			"blksize":	131072,
			"omit":	0,
			"duration":	30,
			"bytes":	0,
			"blocks":	0,
			"reverse":	0,
			"tos":	0,
			"target_bitrate":	0
		}
	},
	"intervals":	[{
			"streams":	[{
					"socket":	5,
					"start":	0,
					"end":	1.000587,
					"seconds":	1.000586986541748,
					"bytes":	2092360,
					"bits_per_second":	16729060.266767316,
					"retransmits":	0,
					"snd_cwnd":	299736,
					"snd_wnd":	713760,
					"rtt":	237252,
					"rttvar":	1496,
					"pmtu":	1500,
					"omitted":	false,
					"sender":	true
				}],
			"sum":	{
				"start":	0,
				"end":	1.000587,
				"seconds":	1.000586986541748,
				"bytes":	2092360,
				"bits_per_second":	16729060.266767316,
				"retransmits":	0,
				"omitted":	false,
				"sender":	true
			}
		}, {
			"streams":	[{
					"socket":	5,
					"start":	1.000587,
					"end":	2.000189,
					"seconds":	0.99960201978683472,
					"bytes":	1563840,
					"bits_per_second":	12515701.001352431,
					"retransmits":	0,
					"snd_cwnd":	359104,
					"snd_wnd":	713760,
					"rtt":	284048,
					"rttvar":	887,
					"pmtu":	1500,
					"omitted":	false,
					"sender":	true
				}],
			"sum":	{
				"start":	1.000587,
				"end":	2.000189,
				"seconds":	0.99960201978683472,
				"bytes":	1563840,
				"bits_per_second":	12515701.001352431,
				"retransmits":	0,
				"omitted":	false,
				"sender":	true
			}
		}, {
			"streams":	[{
					"socket":	5,
					"start":	2.000189,
					"end":	3.000372,
					"seconds":	1.0001829862594604,
					"bytes":	1042560,
					"bits_per_second":	8338954.0859839935,
					"retransmits":	0,
					"snd_cwnd":	418472,
					"snd_wnd":	713760,
					"rtt":	332053,
					"rttvar":	473,
					"pmtu":	1500,
					"omitted":	false,
					"sender":	true
				}],
			"sum":	{
				"start":	2.000189,
				"end":	3.000372,
				"seconds":	1.0001829862594604,
				"bytes":	1042560,
				"bits_per_second":	8338954.0859839935,
				"retransmits":	0,
				"omitted":	false,
				"sender":	true
			}
		}, {
			"streams":	[{
					"socket":	5,
					"start":	3.000372,
					"end":	4.000315,
					"seconds":	0.99994301795959473,
					"bytes":	1042560,
					"bits_per_second":	8340955.2846510485,
					"retransmits":	0,
					"snd_cwnd":	477840,
					"snd_wnd":	713760,
					"rtt":	389051,
					"rttvar":	876,
					"pmtu":	1500,
					"omitted":	false,
					"sender":	true
				}],
			"sum":	{
				"start":	3.000372,
				"end":	4.000315,
				"seconds":	0.99994301795959473,
				"bytes":	1042560,
				"bits_per_second":	8340955.2846510485,
				"retransmits":	0,
				"omitted":	false,
				"sender":	true
			}
		}, {
			"streams":	[{
					"socket":	5,
					"start":	4.000315,
					"end":	5.000431,
					"seconds":	1.0001159906387329,
					"bytes":	1042560,
					"bits_per_second":	8339512.6945958324,
					"retransmits":	0,
					"snd_cwnd":	537208,
					"snd_wnd":	713760,
					"rtt":	426911,
					"rttvar":	1094,
					"pmtu":	1500,
					"omitted":	false,
					"sender":	true
				}],
			"sum":	{
				"start":	4.000315,
				"end":	5.000431,
				"seconds":	1.0001159906387329,
				"bytes":	1042560,
				"bits_per_second":	8339512.6945958324,
				"retransmits":	0,
				"omitted":	false,
				"sender":	true
			}
		}, {
			"streams":	[{
					"socket":	5,
					"start":	5.000431,
					"end":	6.000117,
					"seconds":	0.99968600273132324,
					"bytes":	1563840,
					"bits_per_second":	12514649.5657821,
					"retransmits":	0,
					"snd_cwnd":	598024,
					"snd_wnd":	713760,
					"rtt":	474221,
					"rttvar":	1129,
					"pmtu":	1500,
					"omitted":	false,
					"sender":	true
				}],
			"sum":	{
				"start":	5.000431,
				"end":	6.000117,
				"seconds":	0.99968600273132324,
				"bytes":	1563840,
				"bits_per_second":	12514649.5657821,
				"retransmits":	0,
				"omitted":	false,
				"sender":	true
			}
		}, {
			"streams":	[{
					"socket":	5,
					"start":	6.000117,
					"end":	7.000353,
					"seconds":	1.0002360343933105,
					"bytes":	987536,
					"bits_per_second":	7898423.700353777,
					"retransmits":	0,
					"snd_cwnd":	657392,
					"snd_wnd":	713760,
					"rtt":	522359,
					"rttvar":	1256,
					"pmtu":	1500,
					"omitted":	false,
					"sender":	true
				}],
			"sum":	{
				"start":	6.000117,
				"end":	7.000353,
				"seconds":	1.0002360343933105,
				"bytes":	987536,
				"bits_per_second":	7898423.700353777,
				"retransmits":	0,
				"omitted":	false,
				"sender":	true
			}
		}, {
			"streams":	[{
					"socket":	5,
					"start":	7.000353,
					"end":	8.000325,
					"seconds":	0.99997198581695557,
					"bytes":	994776,
					"bits_per_second":	7958430.94894135,
					"retransmits":	0,
					"snd_cwnd":	712416,
					"snd_wnd":	713760,
					"rtt":	586989,
					"rttvar":	26627,
					"pmtu":	1500,
					"omitted":	false,
					"sender":	true
				}],
			"sum":	{
				"start":	7.000353,
				"end":	8.000325,
				"seconds":	0.99997198581695557,
				"bytes":	994776,
				"bits_per_second":	7958430.94894135,
				"retransmits":	0,
				"omitted":	false,
				"sender":	true
			}
		}, {
			"streams":	[{
					"socket":	5,
					"start":	8.000325,
					"end":	9.000352,
					"seconds":	1.0000269412994385,
					"bytes":	464808,
					"bits_per_second":	3718363.8224468385,
					"retransmits":	0,
					"snd_cwnd":	713864,
					"snd_wnd":	713760,
					"rtt":	1376476,
					"rttvar":	78204,
					"pmtu":	1500,
					"omitted":	false,
					"sender":	true
				}],
			"sum":	{
				"start":	8.000325,
				"end":	9.000352,
				"seconds":	1.0000269412994385,
				"bytes":	464808,
				"bits_per_second":	3718363.8224468385,
				"retransmits":	0,
				"omitted":	false,
				"sender":	true
			}
		}, {
			"streams":	[{
					"socket":	5,
					"start":	9.000352,
					"end":	10.001224,
					"seconds":	1.000872015953064,
					"bytes":	0,
					"bits_per_second":	0,
					"retransmits":	0,
					"snd_cwnd":	713864,
					"snd_wnd":	713760,
					"rtt":	2180722,
					"rttvar":	81100,
					"pmtu":	1500,
					"omitted":	false,
					"sender":	true
				}],
			"sum":	{
				"start":	9.000352,
				"end":	10.001224,
				"seconds":	1.000872015953064,
				"bytes":	0,
				"bits_per_second":	0,
				"retransmits":	0,
				"omitted":	false,
				"sender":	true
			}
		}, {
			"streams":	[{
					"socket":	5,
					"start":	10.001224,
					"end":	11.000372,
					"seconds":	0.99914801120758057,
					"bytes":	464808,
					"bits_per_second":	3721634.7911315225,
					"retransmits":	0,
					"snd_cwnd":	713864,
					"snd_wnd":	713760,
					"rtt":	2949287,
					"rttvar":	34642,
					"pmtu":	1500,
					"omitted":	false,
					"sender":	true
				}],
			"sum":	{
				"start":	10.001224,
				"end":	11.000372,
				"seconds":	0.99914801120758057,
				"bytes":	464808,
				"bits_per_second":	3721634.7911315225,
				"retransmits":	0,
				"omitted":	false,
				"sender":	true
			}
		}, {
			"streams":	[{
					"socket":	5,
					"start":	11.000372,
					"end":	12.00144,
					"seconds":	1.0010679960250854,
					"bytes":	0,
					"bits_per_second":	0,
					"retransmits":	0,
					"snd_cwnd":	713864,
					"snd_wnd":	713760,
					"rtt":	2965935,
					"rttvar":	17845,
					"pmtu":	1500,
					"omitted":	false,
					"sender":	true
				}],
			"sum":	{
				"start":	11.000372,
				"end":	12.00144,
				"seconds":	1.0010679960250854,
				"bytes":	0,
				"bits_per_second":	0,
				"retransmits":	0,
				"omitted":	false,
				"sender":	true
			}
		}, {
			"streams":	[{
					"socket":	5,
					"start":	12.00144,