{
	"start":	{
		"connected":	[{
				"socket":	5,
				"local_host":	"200.0.0.4",
				"local_port":	36788,
				"remote_host":	"100.0.0.2",
				"remote_port":	5203
			}],
		"version":	"iperf 3.11",
		"system_info":	"Linux archlinux 5.16.14-arch1-1 #1 SMP PREEMPT Fri, 11 Mar 2022 17:40:36 +0000 x86_64",
		"timestamp":	{
			"time":	"Fri, 27 May 2022 10:16:40 GMT",
			"timesecs":	1653646600
		},
		"connecting_to":	{
			"host":	"100.0.0.2",
			"port":	5203
		},
		"cookie":	"murcurhmagj3fwslqj6bvutzccpvudrogya3",
		"tcp_mss_default":	1448,
		"target_bitrate":	0,
		"sock_bufsize":	0,
		"sndbuf_actual":	16384,
		"rcvbuf_actual":	131072,
		"test_start":	{
			"protocol":	"TCP",
			"num_streams":	1,
			"blksize":	131072,
			"omit":	0,
			"duration":	30,
			"bytes":	0,
			"blocks":	0,
			"reverse":	0,
			"tos":	0,
			"target_bitrate":	0
		}
	},
	"intervals":	[{
			"streams":	[{
					"socket":	5,
					"start":	0,
					"end":	1.000356,
					"seconds":	1.0003559589385986,
					"bytes":	2447120,
					"bits_per_second":	19569993.885748047,
					"retransmits":	0,
					"snd_cwnd":	311320,
					"snd_wnd":	713760,
					"rtt":	246606,
					"rttvar":	775,
					"pmtu":	1500,
					"omitted":	false,
					"sender":	true
				}],
			"sum":	{
				"start":	0,
				"end":	1.000356,
				"seconds":	1.0003559589385986,
				"bytes":	2447120,
				"bits_per_second":	19569993.885748047,
				"retransmits":	0,
				"omitted":	false,
				"sender":	true
			}
		}, {
			"streams":	[{
					"socket":	5,
					"start":	1.000356,
					"end":	2.000435,
					"seconds":	1.0000790357589722,
					"bytes":	1042560,
					"bits_per_second":	8339820.85592896,
					"retransmits":	0,
					"snd_cwnd":	370688,
					"snd_wnd":	713760,
					"rtt":	294753,
					"rttvar":	1197,
					"pmtu":	1500,
					"omitted":	false,
					"sender":	true
				}],
			"sum":	{
				"start":	1.000356,
				"end":	2.000435,
				"seconds":	1.0000790357589722,
				"bytes":	1042560,
				"bits_per_second":	8339820.85592896,
				"retransmits":	0,
				"omitted":	false,
				"sender":	true
			}
		}, {
			"streams":	[{
					"socket":	5,
					"start":	2.000435,
					"end":	3.000496,
					"seconds":	1.00006103515625,
					"bytes":	1042560,
					"bits_per_second":	8339970.9685688131,
					"retransmits":	0,
					"snd_cwnd":	431504,
					"snd_wnd":	713760,
					"rtt":	341636,
					"rttvar":	468,
					"pmtu":	1500,
					"omitted":	false,
					"sender":	true
				}],
			"sum":	{
				"start":	2.000435,
				"end":	3.000496,
				"seconds":	1.00006103515625,
				"bytes":	1042560,
				"bits_per_second":	8339970.9685688131,
				"retransmits":	0,
				"omitted":	false,
				"sender":	true
			}
		}, {
			"streams":	[{
					"socket":	5,
					"start":	3.000496,
					"end":	4.00041,
					"seconds":	0.999913990497589,
					"bytes":	1042560,
					"bits_per_second":	8341197.4222397981,
					"retransmits":	0,
					"snd_cwnd":	489424,
					"snd_wnd":	713760,
					"rtt":	388130,
					"rttvar":	644,
					"pmtu":	1500,
					"omitted":	false,
					"sender":	true
				}],
			"sum":	{
				"start":	3.000496,
				"end":	4.00041,
				"seconds":	0.999913990497589,
				"bytes":	1042560,
				"bits_per_second":	8341197.4222397981,
				"retransmits":	0,
				"omitted":	false,
				"sender":	true
			}
		}, {
			"streams":	[{
					"socket":	5,
					"start":	4.00041,
					"end":	5.000187,
					"seconds":	0.99977701902389526,
					"bytes":	1563840,
					"bits_per_second":	12513510.274735557,
					"retransmits":	0,
					"snd_cwnd":	548792,
					"snd_wnd":	713760,
					"rtt":	435552,
					"rttvar":	369,
					"pmtu":	1500,
					"omitted":	false,
					"sender":	true
				}],
			"sum":	{
				"start":	4.00041,
				"end":	5.000187,
				"seconds":	0.99977701902389526,
				"bytes":	1563840,
				"bits_per_second":	12513510.274735557,
				"retransmits":	0,
				"omitted":	false,
				"sender":	true
			}
		}, {
			"streams":	[{
					"socket":	5,
					"start":	5.000187,
					"end":	6.000395,
					"seconds":	1.0002080202102661,
					"bytes":	1042560,
					"bits_per_second":	8338745.37243427,
					"retransmits":	0,
					"snd_cwnd":	609608,
					"snd_wnd":	713760,
					"rtt":	483843,
					"rttvar":	1529,
					"pmtu":	1500,
					"omitted":	false,
					"sender":	true
				}],
			"sum":	{
				"start":	5.000187,
				"end":	6.000395,
				"seconds":	1.0002080202102661,
				"bytes":	1042560,
				"bits_per_second":	8338745.37243427,
				"retransmits":	0,
				"omitted":	false,
				"sender":	true
			}
		}, {
			"streams":	[{
					"socket":	5,
					"start":	6.000395,
					"end":	7.000314,
					"seconds":	0.99991899728775024,
					"bytes":	997672,
					"bits_per_second":	7982022.5654770425,
					"retransmits":	0,
					"snd_cwnd":	660288,
					"snd_wnd":	713760,
					"rtt":	526696,
					"rttvar":	3004,
					"pmtu":	1500,
					"omitted":	false,
					"sender":	true
				}],
			"sum":	{
				"start":	6.000395,
				"end":	7.000314,
				"seconds":	0.99991899728775024,
				"bytes":	997672,
				"bits_per_second":	7982022.5654770425,
				"retransmits":	0,
				"omitted":	false,
				"sender":	true
			}
		}, {
			"streams":	[{
					"socket":	5,
					"start":	7.000314,
					"end":	8.000441,
					"seconds":	1.0001269578933716,
					"bytes":	0,
					"bits_per_second":	0,
					"retransmits":	1,
					"snd_cwnd":	1448,
					"snd_wnd":	713760,
					"rtt":	526696,
					"rttvar":	3004,
					"pmtu":	1500,
					"omitted":	false,
					"sender":	true
				}],
			"sum":	{
				"start":	7.000314,
				"end":	8.000441,
				"seconds":	1.0001269578933716,
				"bytes":	0,
				"bits_per_second":	0,
				"retransmits":	1,
				"omitted":	false,
				"sender":	true
			}
		}, {
			"streams":	[{
					"socket":	5,
					"start":	8.000441,
					"end":	9.000714,
					"seconds":	1.0002729892730713,
					"bytes":	0,
					"bits_per_second":	0,
					"retransmits":	0,
					"snd_cwnd":	1448,
					"snd_wnd":	713760,
					"rtt":	526696,
					"rttvar":	3004,
					"pmtu":	1500,
					"omitted":	false,
					"sender":	true
				}],
			"sum":	{
				"start":	8.000441,
				"end":	9.000714,
				"seconds":	1.0002729892730713,
				"bytes":	0,
				"bits_per_second":	0,
				"retransmits":	0,
				"omitted":	false,
				"sender":	true
			}
		}, {
			"streams":	[{
					"socket":	5,
					"start":	9.000714,
					"end":	10.000695,
					"seconds":	0.99998098611831665,
					"bytes":	0,
					"bits_per_second":	0,
					"retransmits":	1,
					"snd_cwnd":	1448,
					"snd_wnd":	713760,
					"rtt":	526696,
					"rttvar":	3004,
					"pmtu":	1500,
					"omitted":	false,
					"sender":	true
				}],
			"sum":	{
				"start":	9.000714,
				"end":	10.000695,
				"seconds":	0.99998098611831665,
				"bytes":	0,
				"bits_per_second":	0,
				"retransmits":	1,
				"omitted":	false,
				"sender":	true
			}
		}, {
			"streams":	[{
					"socket":	5,
					"start":	10.000695,
					"end":	11.000532,
					"seconds":	0.99983698129653931,
					"bytes":	0,
					"bits_per_second":	0,
					"retransmits":	0,
					"snd_cwnd":	1448,
					"snd_wnd":	713760,
					"rtt":	526696,
					"rttvar":	3004,
					"pmtu":	1500,
					"omitted":	false,
					"sender":	true
				}],
			"sum":	{
				"start":	10.000695,
				"end":	11.000532,
				"seconds":	0.99983698129653931,
				"bytes":	0,
				"bits_per_second":	0,
				"retransmits":	0,
				"omitted":	false,
				"sender":	true
			}
		}, {
			"streams":	[{
					"socket":	5,
					"start":	11.000532,
					"end":	12.000365,
					"seconds":	0.99983298778533936,
					"bytes":	0,
					"bits_per_second":	0,
					"retransmits":	0,
					"snd_cwnd":	1448,
					"snd_wnd":	713760,
					"rtt":	526696,
					"rttvar":	3004,
					"pmtu":	1500,
					"omitted":	false,
					"sender":	true
				}],
			"sum":	{
				"start":	11.000532,
				"end":	12.000365,
				"seconds":	0.99983298778533936,
				"bytes":	0,
				"bits_per_second":	0,
				"retransmits":	0,
				"omitted":	false,
				"sender":	true
			}
		}, {
			"streams":	[{
					"socket":	5,
					"start":	12.000365,
					"end":	13.000309,
					"seconds":	0.999943971633911,
					"bytes":	0,
					"bits_per_second":	0,
					"retransmits":	1,
					"snd_cwnd":	1448,